NAME,year,average_adjusted_gross_income
ALAMEDA MUNICIPAL POWER,2014,91317.00079364277
ALAMEDA MUNICIPAL POWER,2015,96853.51634503815
ALAMEDA MUNICIPAL POWER,2016,101779.4285153435
ALAMEDA MUNICIPAL POWER,2017,107502.95414163025
ALAMEDA MUNICIPAL POWER,2018,115694.46940674144
ALAMEDA MUNICIPAL POWER,2019,122486.61015259633
ALAMEDA MUNICIPAL POWER,2020,127287.54804013892
ALAMEDA MUNICIPAL POWER,2021,155623.50845401362
ALAMEDA MUNICIPAL POWER,2022,146018.32781716727
"ALDER MUTUAL LIGHT CO, INC",2014,61991.188172663395
"ALDER MUTUAL LIGHT CO, INC",2015,64649.51343257044
"ALDER MUTUAL LIGHT CO, INC",2016,66088.52029793
"ALDER MUTUAL LIGHT CO, INC",2017,69895.96662055135
"ALDER MUTUAL LIGHT CO, INC",2018,74652.32608702203
"ALDER MUTUAL LIGHT CO, INC",2019,76061.12772670393
"ALDER MUTUAL LIGHT CO, INC",2020,79058.93753653958
"ALDER MUTUAL LIGHT CO, INC",2021,90367.08135411672
"ALDER MUTUAL LIGHT CO, INC",2022,91912.5659271969
ANZA ELECTRIC COOP INC,2014,48707.655869634866
ANZA ELECTRIC COOP INC,2015,49331.328457024414
ANZA ELECTRIC COOP INC,2016,50933.33625523064
ANZA ELECTRIC COOP INC,2017,54322.14624449257
ANZA ELECTRIC COOP INC,2018,55563.5526566791
ANZA ELECTRIC COOP INC,2019,55057.25929840748
ANZA ELECTRIC COOP INC,2020,55077.67057300858
ANZA ELECTRIC COOP INC,2021,62169.04524582152
ANZA ELECTRIC COOP INC,2022,63966.33801980982
AVISTA CORP,2014,57272.65087577753
AVISTA CORP,2015,58794.49692987468
AVISTA CORP,2016,59887.257113927044
AVISTA CORP,2017,63407.97714867886
AVISTA CORP,2018,66775.56776758049
AVISTA CORP,2019,68295.298150551
AVISTA CORP,2020,70695.48838398047
AVISTA CORP,2021,81842.63269103151
AVISTA CORP,2022,82005.30406515265
BEAR VALLEY ELECTRIC SERVICE,2014,49033.202667617355
BEAR VALLEY ELECTRIC SERVICE,2015,51742.15743169283
BEAR VALLEY ELECTRIC SERVICE,2016,50490.173088313655
BEAR VALLEY ELECTRIC SERVICE,2017,55292.11104761963
BEAR VALLEY ELECTRIC SERVICE,2018,56904.68735559214
BEAR VALLEY ELECTRIC SERVICE,2019,58342.319150085386
BEAR VALLEY ELECTRIC SERVICE,2020,62180.08492866095
BEAR VALLEY ELECTRIC SERVICE,2021,73169.58892938487
BEAR VALLEY ELECTRIC SERVICE,2022,75524.43562390145
BENTON RURAL ELECTRIC ASSN,2014,51705.3271821678
BENTON RURAL ELECTRIC ASSN,2015,53458.5817281493
BENTON RURAL ELECTRIC ASSN,2016,54846.71607073547
BENTON RURAL ELECTRIC ASSN,2017,57627.95944834515
BENTON RURAL ELECTRIC ASSN,2018,61651.474793437344
BENTON RURAL ELECTRIC ASSN,2019,61811.07185977978
BENTON RURAL ELECTRIC ASSN,2020,63498.584267996055
BENTON RURAL ELECTRIC ASSN,2021,70884.51889064288
BENTON RURAL ELECTRIC ASSN,2022,72351.98909494867
"BIG BEND ELECTRIC COOP, INC",2014,49527.02434317872
"BIG BEND ELECTRIC COOP, INC",2015,50367.43810349925
"BIG BEND ELECTRIC COOP, INC",2016,51246.04562619007
"BIG BEND ELECTRIC COOP, INC",2017,53052.29688901038
"BIG BEND ELECTRIC COOP, INC",2018,58098.22978981198
"BIG BEND ELECTRIC COOP, INC",2019,56323.194231515256
"BIG BEND ELECTRIC COOP, INC",2020,57625.68170543628
"BIG BEND ELECTRIC COOP, INC",2021,66978.1165349112
"BIG BEND ELECTRIC COOP, INC",2022,67176.66151735843
BLACHLY-LANE COUNTY COOP EL ASSN,2014,51475.38056618208
BLACHLY-LANE COUNTY COOP EL ASSN,2015,55101.488317631585
BLACHLY-LANE COUNTY COOP EL ASSN,2016,55324.986369189566
BLACHLY-LANE COUNTY COOP EL ASSN,2017,58040.80953771924
BLACHLY-LANE COUNTY COOP EL ASSN,2018,60806.708741288494
BLACHLY-LANE COUNTY COOP EL ASSN,2019,61066.349963056244
BLACHLY-LANE COUNTY COOP EL ASSN,2020,60990.546038865796
BLACHLY-LANE COUNTY COOP EL ASSN,2021,71970.58478035658
BLACHLY-LANE COUNTY COOP EL ASSN,2022,73811.8593562217
CANBY UTILITY BOARD,2014,61214.57142857142
CANBY UTILITY BOARD,2015,66717.52577319588
CANBY UTILITY BOARD,2016,65769.93583868012
CANBY UTILITY BOARD,2017,69416.56222023276
CANBY UTILITY BOARD,2018,71817.16549295775
CANBY UTILITY BOARD,2019,73744.53852667232
CANBY UTILITY BOARD,2020,77319.46082561079
CANBY UTILITY BOARD,2021,92191.87817258883
CANBY UTILITY BOARD,2022,93802.25563909774
CENTRAL COAST COMMUNITY ENERGY,2014,67242.40381207284
CENTRAL COAST COMMUNITY ENERGY,2015,71300.51389801114
CENTRAL COAST COMMUNITY ENERGY,2016,73043.64044413155
CENTRAL COAST COMMUNITY ENERGY,2017,78395.04943160788
CENTRAL COAST COMMUNITY ENERGY,2018,83017.12464785756
CENTRAL COAST COMMUNITY ENERGY,2019,83763.47253181743
CENTRAL COAST COMMUNITY ENERGY,2020,86166.23268537117
CENTRAL COAST COMMUNITY ENERGY,2021,105565.20910136138
CENTRAL COAST COMMUNITY ENERGY,2022,100814.14830852005
CENTRAL ELECTRIC COOP INC - (OR),2014,63354.31224028368
CENTRAL ELECTRIC COOP INC - (OR),2015,62312.6057784619
CENTRAL ELECTRIC COOP INC - (OR),2016,62147.0777066552
CENTRAL ELECTRIC COOP INC - (OR),2017,64172.931297088144
CENTRAL ELECTRIC COOP INC - (OR),2018,68012.42728540457
CENTRAL ELECTRIC COOP INC - (OR),2019,69010.08763734563
CENTRAL ELECTRIC COOP INC - (OR),2020,76203.46453543578
CENTRAL ELECTRIC COOP INC - (OR),2021,91745.1130496378
CENTRAL ELECTRIC COOP INC - (OR),2022,89026.94523292169
CENTRAL LINCOLN PEOPLE'S UT DT,2014,49473.962986741484
CENTRAL LINCOLN PEOPLE'S UT DT,2015,50888.112424941304
CENTRAL LINCOLN PEOPLE'S UT DT,2016,51885.68668466947
CENTRAL LINCOLN PEOPLE'S UT DT,2017,56092.53880773955
CENTRAL LINCOLN PEOPLE'S UT DT,2018,58290.01027342493
CENTRAL LINCOLN PEOPLE'S UT DT,2019,57183.3119473999
CENTRAL LINCOLN PEOPLE'S UT DT,2020,59883.4535676713
CENTRAL LINCOLN PEOPLE'S UT DT,2021,70614.08492983348
CENTRAL LINCOLN PEOPLE'S UT DT,2022,70793.00010457198
CITY & COUNTY OF SAN FRANCISCO,2014,131863.24752900208
CITY & COUNTY OF SAN FRANCISCO,2015,139962.43578424462
CITY & COUNTY OF SAN FRANCISCO,2016,137382.24245973685
CITY & COUNTY OF SAN FRANCISCO,2017,151170.21383176287
CITY & COUNTY OF SAN FRANCISCO,2018,172410.85962496512
CITY & COUNTY OF SAN FRANCISCO,2019,173162.0467221855
CITY & COUNTY OF SAN FRANCISCO,2020,192538.1963435085
CITY & COUNTY OF SAN FRANCISCO,2021,255883.6216533555
CITY & COUNTY OF SAN FRANCISCO,2022,198282.2850405458
CITY OF ANAHEIM - (CA),2014,51482.12732022851
CITY OF ANAHEIM - (CA),2015,53923.806271359696
CITY OF ANAHEIM - (CA),2016,54857.33177736876
CITY OF ANAHEIM - (CA),2017,56526.469666466706
CITY OF ANAHEIM - (CA),2018,59189.04394718803
CITY OF ANAHEIM - (CA),2019,59883.768219838414
CITY OF ANAHEIM - (CA),2020,61556.229545358634
CITY OF ANAHEIM - (CA),2021,69159.7939803041
CITY OF ANAHEIM - (CA),2022,72325.03480069806
CITY OF ASHLAND - (OR),2014,66991.93548387097
CITY OF ASHLAND - (OR),2015,70277.13607594935
CITY OF ASHLAND - (OR),2016,73085.40840602697
CITY OF ASHLAND - (OR),2017,79159.73101265822
CITY OF ASHLAND - (OR),2018,81900.07824726134
CITY OF ASHLAND - (OR),2019,79653.92670157069
CITY OF ASHLAND - (OR),2020,83743.18689501117
CITY OF ASHLAND - (OR),2021,109867.53846153847
CITY OF ASHLAND - (OR),2022,96862.12238574748
CITY OF AZUSA,2014,43243.53930470788
CITY OF AZUSA,2015,44789.373423601086
CITY OF AZUSA,2016,46161.068750416656
CITY OF AZUSA,2017,47351.78110170379
CITY OF AZUSA,2018,49458.12876970188
CITY OF AZUSA,2019,50319.393026033635
CITY OF AZUSA,2020,50768.660419290354
CITY OF AZUSA,2021,56152.26433344157
CITY OF AZUSA,2022,59973.82822047072
CITY OF BANDON - (OR),2014,45477.491961414795
CITY OF BANDON - (OR),2015,47249.382716049375
CITY OF BANDON - (OR),2016,48633.33333333333
CITY OF BANDON - (OR),2017,52674.62686567164
CITY OF BANDON - (OR),2018,55665.11627906977
CITY OF BANDON - (OR),2019,57150.274725274736
CITY OF BANDON - (OR),2020,55596.8085106383
CITY OF BANDON - (OR),2021,67007.25806451612
CITY OF BANDON - (OR),2022,68015.17615176152
CITY OF BANNING - (CA),2014,49938.8320983047
CITY OF BANNING - (CA),2015,52016.506922105524
CITY OF BANNING - (CA),2016,53008.68712389301
CITY OF BANNING - (CA),2017,55103.81361753442
CITY OF BANNING - (CA),2018,56405.11830090496
CITY OF BANNING - (CA),2019,57137.03398574407
CITY OF BANNING - (CA),2020,57833.94468282411
CITY OF BANNING - (CA),2021,65482.59720618262
CITY OF BANNING - (CA),2022,67137.78699517692
CITY OF BIGGS - (CA),2014,52818.54838709678
CITY OF BIGGS - (CA),2015,55709.52380952381
CITY OF BIGGS - (CA),2016,50633.58778625955
CITY OF BIGGS - (CA),2017,51674.26470588236
CITY OF BIGGS - (CA),2018,59340.44117647058
CITY OF BIGGS - (CA),2019,57074.81481481482
CITY OF BIGGS - (CA),2020,60754.54545454546
CITY OF BIGGS - (CA),2021,65325.174825174836
CITY OF BIGGS - (CA),2022,71538.57142857143
CITY OF BLAINE - (WA),2014,69783.21775312067
CITY OF BLAINE - (WA),2015,72911.52815013405
CITY OF BLAINE - (WA),2016,70849.35897435898
CITY OF BLAINE - (WA),2017,74776.51421508034
CITY OF BLAINE - (WA),2018,78716.32896305124
CITY OF BLAINE - (WA),2019,86489.14988814319
CITY OF BLAINE - (WA),2020,82935.83241455347
CITY OF BLAINE - (WA),2021,105178.34254143648
CITY OF BLAINE - (WA),2022,100659.04658721562
CITY OF BURBANK WATER AND POWER,2014,71976.38976587506
CITY OF BURBANK WATER AND POWER,2015,74736.1539118629
CITY OF BURBANK WATER AND POWER,2016,76792.09005535641
CITY OF BURBANK WATER AND POWER,2017,81409.3195875079
CITY OF BURBANK WATER AND POWER,2018,86398.38406346069
CITY OF BURBANK WATER AND POWER,2019,90825.11890221796
CITY OF BURBANK WATER AND POWER,2020,91465.48870078062
CITY OF BURBANK WATER AND POWER,2021,105966.3673671992
CITY OF BURBANK WATER AND POWER,2022,107369.07966290579
CITY OF CASCADE LOCKS - (OR),2014,49474.30143627359
CITY OF CASCADE LOCKS - (OR),2015,48986.8562265657
CITY OF CASCADE LOCKS - (OR),2016,53642.518220758175
CITY OF CASCADE LOCKS - (OR),2017,54644.164556131225
CITY OF CASCADE LOCKS - (OR),2018,57478.842302069344
CITY OF CASCADE LOCKS - (OR),2019,55554.50597927575
CITY OF CASCADE LOCKS - (OR),2020,60213.46139619358
CITY OF CASCADE LOCKS - (OR),2021,68446.98136813041
CITY OF CASCADE LOCKS - (OR),2022,66186.33717042583
CITY OF CENTRALIA - (WA),2014,42921.94931071936
CITY OF CENTRALIA - (WA),2015,44169.48583613775
CITY OF CENTRALIA - (WA),2016,45678.036686814055
CITY OF CENTRALIA - (WA),2017,47664.613761101646
CITY OF CENTRALIA - (WA),2018,50751.88765974086
CITY OF CENTRALIA - (WA),2019,51131.380209194336
CITY OF CENTRALIA - (WA),2020,53069.12723715881
CITY OF CENTRALIA - (WA),2021,59928.58006765764
CITY OF CENTRALIA - (WA),2022,61743.46958230759
CITY OF CHENEY - (WA),2014,47937.61348897536
CITY OF CHENEY - (WA),2015,49073.44345616263
CITY OF CHENEY - (WA),2016,50639.11949685535
CITY OF CHENEY - (WA),2017,51539.63855421687
CITY OF CHENEY - (WA),2018,55044.90740740741
CITY OF CHENEY - (WA),2019,56818.20175438596
CITY OF CHENEY - (WA),2020,59834.10526315789
CITY OF CHENEY - (WA),2021,66131.59509202452
CITY OF CHENEY - (WA),2022,68514.63414634147
CITY OF CHEWELAH,2014,50806.6985645933
CITY OF CHEWELAH,2015,50676.74418604651
CITY OF CHEWELAH,2016,51910.648148148146
CITY OF CHEWELAH,2017,52814.22018348624
CITY OF CHEWELAH,2018,57171.36363636364
CITY OF CHEWELAH,2019,58705.65217391304
CITY OF CHEWELAH,2020,60689.45147679324
CITY OF CHEWELAH,2021,68961.92468619248
CITY OF CHEWELAH,2022,70204.68085106384
CITY OF COLTON - (CA),2014,39076.72390172757
CITY OF COLTON - (CA),2015,40577.837275603764
CITY OF COLTON - (CA),2016,41636.379505117184
CITY OF COLTON - (CA),2017,43243.29314709791
CITY OF COLTON - (CA),2018,45129.00175637064
CITY OF COLTON - (CA),2019,45811.6059252545
CITY OF COLTON - (CA),2020,47106.983723566795
CITY OF COLTON - (CA),2021,51458.765081668644
CITY OF COLTON - (CA),2022,53786.08946960522
CITY OF CORONA - (CA),2014,59955.24391943815
CITY OF CORONA - (CA),2015,63237.157049272624
CITY OF CORONA - (CA),2016,63802.39762211765
CITY OF CORONA - (CA),2017,65689.24869957264
CITY OF CORONA - (CA),2018,67753.90957506221
CITY OF CORONA - (CA),2019,68188.12071119511
CITY OF CORONA - (CA),2020,69487.04268709931
CITY OF CORONA - (CA),2021,78422.58399906702
CITY OF CORONA - (CA),2022,82609.56073064951
CITY OF COULEE DAM - (WA),2014,50426.092049602295
CITY OF COULEE DAM - (WA),2015,51877.50099403836
CITY OF COULEE DAM - (WA),2016,53565.58296735148
CITY OF COULEE DAM - (WA),2017,55809.485750755295
CITY OF COULEE DAM - (WA),2018,57195.0276737283
CITY OF COULEE DAM - (WA),2019,56937.163478948525
CITY OF COULEE DAM - (WA),2020,64777.2959623082
CITY OF COULEE DAM - (WA),2021,64132.26638071833
CITY OF COULEE DAM - (WA),2022,63666.40532989285
CITY OF DRAIN - (OR),2014,42164.705882352944
CITY OF DRAIN - (OR),2015,41135.63218390804
CITY OF DRAIN - (OR),2016,44175.55555555556
CITY OF DRAIN - (OR),2017,47222.222222222226
CITY OF DRAIN - (OR),2018,47347.25274725274
CITY OF DRAIN - (OR),2019,45775.99999999999
CITY OF DRAIN - (OR),2020,49495.9595959596
CITY OF DRAIN - (OR),2021,53833.67346938776
CITY OF DRAIN - (OR),2022,58207.0
CITY OF ELLENSBURG - (WA),2014,53873.80759902991
CITY OF ELLENSBURG - (WA),2015,54371.406491499234
CITY OF ELLENSBURG - (WA),2016,56520.93918398768
CITY OF ELLENSBURG - (WA),2017,59932.20973782771
CITY OF ELLENSBURG - (WA),2018,66227.87125091441
CITY OF ELLENSBURG - (WA),2019,66365.28460997892
CITY OF ELLENSBURG - (WA),2020,68942.46671338473
CITY OF ELLENSBURG - (WA),2021,80011.91637630662
CITY OF ELLENSBURG - (WA),2022,79768.35180055401
CITY OF EUGENE - (OR),2014,57163.196252439375
CITY OF EUGENE - (OR),2015,59199.78174197526
CITY OF EUGENE - (OR),2016,60513.89394242107
CITY OF EUGENE - (OR),2017,63674.69386619954
CITY OF EUGENE - (OR),2018,65804.90197802904
CITY OF EUGENE - (OR),2019,64762.224596612796
CITY OF EUGENE - (OR),2020,68476.75092044775
CITY OF EUGENE - (OR),2021,82506.81248158899
CITY OF EUGENE - (OR),2022,79459.80263791107
CITY OF FOREST GROVE,2014,56208.37764768909
CITY OF FOREST GROVE,2015,58989.505540293576
CITY OF FOREST GROVE,2016,60747.95562777368
CITY OF FOREST GROVE,2017,63340.79553627394
CITY OF FOREST GROVE,2018,65548.99028707301
CITY OF FOREST GROVE,2019,65834.12782443814
CITY OF FOREST GROVE,2020,68466.12525194431
CITY OF FOREST GROVE,2021,75686.63768822815
CITY OF FOREST GROVE,2022,78410.56466302644
CITY OF GLENDALE - (CA),2014,69939.84674871837
CITY OF GLENDALE - (CA),2015,72760.29989173796
CITY OF GLENDALE - (CA),2016,74772.89192380264
CITY OF GLENDALE - (CA),2017,77161.17319730124
CITY OF GLENDALE - (CA),2018,82905.36950923382
CITY OF GLENDALE - (CA),2019,83082.46238577517
CITY OF GLENDALE - (CA),2020,83548.60161745448
CITY OF GLENDALE - (CA),2021,99768.54755848227
CITY OF GLENDALE - (CA),2022,99898.6396233793
CITY OF GRIDLEY - (CA),2014,49079.720279720284
CITY OF GRIDLEY - (CA),2015,49903.409090909096
CITY OF GRIDLEY - (CA),2016,48382.95454545455
CITY OF GRIDLEY - (CA),2017,51023.56828193832
CITY OF GRIDLEY - (CA),2018,53877.301927194865
CITY OF GRIDLEY - (CA),2019,53914.17004048583
CITY OF GRIDLEY - (CA),2020,56172.319688109164
CITY OF GRIDLEY - (CA),2021,63894.54545454546
CITY OF GRIDLEY - (CA),2022,63276.74897119342
CITY OF HEALDSBURG - (CA),2014,93636.97383390216
CITY OF HEALDSBURG - (CA),2015,106512.95045045046
CITY OF HEALDSBURG - (CA),2016,105975.25773195877
CITY OF HEALDSBURG - (CA),2017,124783.64640883976
CITY OF HEALDSBURG - (CA),2018,131623.4553775744
CITY OF HEALDSBURG - (CA),2019,123110.9339407745
CITY OF HEALDSBURG - (CA),2020,141393.1383577053
CITY OF HEALDSBURG - (CA),2021,204183.37155963303
CITY OF HEALDSBURG - (CA),2022,159532.82887077998
CITY OF HERMISTON,2014,50549.270072992695
CITY OF HERMISTON,2015,51050.72859744991
CITY OF HERMISTON,2016,54010.892857142855
CITY OF HERMISTON,2017,54486.524822695035
CITY OF HERMISTON,2018,56125.53003533569
CITY OF HERMISTON,2019,57234.936708860754
CITY OF HERMISTON,2020,58828.207236842114
CITY OF HERMISTON,2021,65155.18945634266
CITY OF HERMISTON,2022,66377.83333333333
CITY OF LODI - (CA),2014,52332.92254758335
CITY OF LODI - (CA),2015,54456.65357210404
CITY OF LODI - (CA),2016,56391.75832046165
CITY OF LODI - (CA),2017,59843.03212363599
CITY OF LODI - (CA),2018,62564.84463715055
CITY OF LODI - (CA),2019,64769.246896344666
CITY OF LODI - (CA),2020,63132.26736365199
CITY OF LODI - (CA),2021,73938.84836384728
CITY OF LODI - (CA),2022,74764.72044225721
CITY OF LOMPOC - (CA),2014,51373.96260829913
CITY OF LOMPOC - (CA),2015,52727.34548688307
CITY OF LOMPOC - (CA),2016,53082.65895953757
CITY OF LOMPOC - (CA),2017,53976.40350877193
CITY OF LOMPOC - (CA),2018,57105.191972076784
CITY OF LOMPOC - (CA),2019,57748.590947907775
CITY OF LOMPOC - (CA),2020,56472.80163599182
CITY OF LOMPOC - (CA),2021,63458.81370091897
CITY OF LOMPOC - (CA),2022,65325.76013513513
CITY OF MCCLEARY - (WA),2014,50144.60431654676
CITY OF MCCLEARY - (WA),2015,51173.57142857143
CITY OF MCCLEARY - (WA),2016,53415.333333333336
CITY OF MCCLEARY - (WA),2017,55252.229299363054
CITY OF MCCLEARY - (WA),2018,59432.298136645964
CITY OF MCCLEARY - (WA),2019,61959.5238095238
CITY OF MCCLEARY - (WA),2020,63716.27906976744
CITY OF MCCLEARY - (WA),2021,70627.9069767442
CITY OF MCCLEARY - (WA),2022,72210.3448275862
CITY OF MCMINNVILLE - (OR),2014,52145.97904984869
CITY OF MCMINNVILLE - (OR),2015,54015.350709076985
CITY OF MCMINNVILLE - (OR),2016,57644.698730062184
CITY OF MCMINNVILLE - (OR),2017,58617.17236467267
CITY OF MCMINNVILLE - (OR),2018,62312.50260546723
CITY OF MCMINNVILLE - (OR),2019,63186.47918674313
CITY OF MCMINNVILLE - (OR),2020,64794.3601330197
CITY OF MCMINNVILLE - (OR),2021,79607.25998619452
CITY OF MCMINNVILLE - (OR),2022,74931.34566025516
CITY OF MILTON - (WA),2014,97670.85107327114
CITY OF MILTON - (WA),2015,102505.55135148508
CITY OF MILTON - (WA),2016,105051.39392803413
CITY OF MILTON - (WA),2017,114185.98011254982
CITY OF MILTON - (WA),2018,125960.94213907447
CITY OF MILTON - (WA),2019,133704.6653159908
CITY OF MILTON - (WA),2020,141726.6058810636
CITY OF MILTON - (WA),2021,176574.29414794248
CITY OF MILTON - (WA),2022,153269.4865463584
CITY OF MILTON-FREEWATER- (OR),2014,40135.74660633484
CITY OF MILTON-FREEWATER- (OR),2015,40623.05936073059
CITY OF MILTON-FREEWATER- (OR),2016,42681.77676537585
CITY OF MILTON-FREEWATER- (OR),2017,42375.78475336323
CITY OF MILTON-FREEWATER- (OR),2018,45851.214128035324
CITY OF MILTON-FREEWATER- (OR),2019,46642.48366013071
CITY OF MILTON-FREEWATER- (OR),2020,47036.53846153846
CITY OF MILTON-FREEWATER- (OR),2021,53204.68085106383
CITY OF MILTON-FREEWATER- (OR),2022,56215.9737417943
CITY OF MONMOUTH - (OR),2014,49261.76030695114
CITY OF MONMOUTH - (OR),2015,50792.37867928883
CITY OF MONMOUTH - (OR),2016,52774.90763868877
CITY OF MONMOUTH - (OR),2017,55341.349532053486
CITY OF MONMOUTH - (OR),2018,56411.28991959574
CITY OF MONMOUTH - (OR),2019,56992.9928387795
CITY OF MONMOUTH - (OR),2020,56603.173138995095
CITY OF MONMOUTH - (OR),2021,64217.424380633434
CITY OF MONMOUTH - (OR),2022,67450.6433502267
CITY OF MORENO VALLEY - (CA),2014,38742.88956144825
CITY OF MORENO VALLEY - (CA),2015,40287.42431674165
CITY OF MORENO VALLEY - (CA),2016,41003.31695408138
CITY OF MORENO VALLEY - (CA),2017,42482.31869537068
CITY OF MORENO VALLEY - (CA),2018,44316.81609331608
CITY OF MORENO VALLEY - (CA),2019,44688.387464863124
CITY OF MORENO VALLEY - (CA),2020,45937.561633111705
CITY OF MORENO VALLEY - (CA),2021,49843.11503175887
CITY OF MORENO VALLEY - (CA),2022,53730.479768433936
CITY OF NEEDLES - (CA),2014,41359.770114942534
CITY OF NEEDLES - (CA),2015,41315.73033707865
CITY OF NEEDLES - (CA),2016,41090.340909090904
CITY OF NEEDLES - (CA),2017,43076.0
CITY OF NEEDLES - (CA),2018,43064.36781609195
CITY OF NEEDLES - (CA),2019,42532.608695652176
CITY OF NEEDLES - (CA),2020,42959.58549222798
CITY OF NEEDLES - (CA),2021,47400.54644808743
CITY OF NEEDLES - (CA),2022,54575.14124293786
CITY OF PALO ALTO - (CA),2014,476810.1692185638
CITY OF PALO ALTO - (CA),2015,474183.80868618435
CITY OF PALO ALTO - (CA),2016,518752.16247518896
CITY OF PALO ALTO - (CA),2017,461569.7815054417
CITY OF PALO ALTO - (CA),2018,542307.5818038423
CITY OF PALO ALTO - (CA),2019,431112.8878780121
CITY OF PALO ALTO - (CA),2020,722072.3120689428
CITY OF PALO ALTO - (CA),2021,970629.83318869
CITY OF PALO ALTO - (CA),2022,701086.5868236464
CITY OF PASADENA - (CA),2014,106490.26414836448
CITY OF PASADENA - (CA),2015,110135.21003303611
CITY OF PASADENA - (CA),2016,108820.64656195405
CITY OF PASADENA - (CA),2017,122040.95367053496
CITY OF PASADENA - (CA),2018,124813.22538973302
CITY OF PASADENA - (CA),2019,123563.96866438577
CITY OF PASADENA - (CA),2020,126222.0536671532
CITY OF PASADENA - (CA),2021,154706.93964229032
CITY OF PASADENA - (CA),2022,148579.5458037293
CITY OF PORT ANGELES - (WA),2014,53728.56797653849
CITY OF PORT ANGELES - (WA),2015,54394.85066938028
CITY OF PORT ANGELES - (WA),2016,55097.59533745006
CITY OF PORT ANGELES - (WA),2017,59220.48157182856
CITY OF PORT ANGELES - (WA),2018,62006.594256659904
CITY OF PORT ANGELES - (WA),2019,64132.18625387162
CITY OF PORT ANGELES - (WA),2020,66163.54959029172
CITY OF PORT ANGELES - (WA),2021,76934.71971883604
CITY OF PORT ANGELES - (WA),2022,78395.91087405998
CITY OF REDDING - (CA),2014,52626.20973278152
CITY OF REDDING - (CA),2015,53535.49166585796
CITY OF REDDING - (CA),2016,55530.83852152538
CITY OF REDDING - (CA),2017,58405.7112004277
CITY OF REDDING - (CA),2018,60966.64130412621
CITY OF REDDING - (CA),2019,61547.108631923744
CITY OF REDDING - (CA),2020,63180.519195867055
CITY OF REDDING - (CA),2021,71515.98551448669
CITY OF REDDING - (CA),2022,73063.60797409556
CITY OF RICHLAND - (WA),2014,76219.00932381228
CITY OF RICHLAND - (WA),2015,79432.76594069604
CITY OF RICHLAND - (WA),2016,80337.38818525993
CITY OF RICHLAND - (WA),2017,84348.6078981106
CITY OF RICHLAND - (WA),2018,88909.82665613796
CITY OF RICHLAND - (WA),2019,88425.62244453159
CITY OF RICHLAND - (WA),2020,90053.63802250386
CITY OF RICHLAND - (WA),2021,101569.73224788
CITY OF RICHLAND - (WA),2022,102074.27829992918
CITY OF RIVERSIDE - (CA),2014,52740.7013465048
CITY OF RIVERSIDE - (CA),2015,55249.46585378085
CITY OF RIVERSIDE - (CA),2016,56872.56617141406
CITY OF RIVERSIDE - (CA),2017,59439.25715563814
CITY OF RIVERSIDE - (CA),2018,61366.80829703473
CITY OF RIVERSIDE - (CA),2019,61872.07749511391
CITY OF RIVERSIDE - (CA),2020,63010.643267777596
CITY OF RIVERSIDE - (CA),2021,71096.52716774729
CITY OF RIVERSIDE - (CA),2022,72915.62332713473
CITY OF ROSEVILLE - (CA),2014,74196.27818275822
CITY OF ROSEVILLE - (CA),2015,77655.22144734986
CITY OF ROSEVILLE - (CA),2016,79760.63357943915
CITY OF ROSEVILLE - (CA),2017,82519.27292042816
CITY OF ROSEVILLE - (CA),2018,87249.89916478233
CITY OF ROSEVILLE - (CA),2019,87495.54404634457
CITY OF ROSEVILLE - (CA),2020,90064.0417567414
CITY OF ROSEVILLE - (CA),2021,102454.20507218665
CITY OF ROSEVILLE - (CA),2022,105658.37350275517
CITY OF SANTA CLARA - (CA),2014,109344.54484487727
CITY OF SANTA CLARA - (CA),2015,125198.96254989837
CITY OF SANTA CLARA - (CA),2016,119201.17356261716
CITY OF SANTA CLARA - (CA),2017,129913.62516384183
CITY OF SANTA CLARA - (CA),2018,143984.79117649206
CITY OF SANTA CLARA - (CA),2019,153336.88848648622
CITY OF SANTA CLARA - (CA),2020,167657.1780771498
CITY OF SANTA CLARA - (CA),2021,200523.1413637763
CITY OF SANTA CLARA - (CA),2022,188023.53190804942
CITY OF SEATTLE - (WA),2014,95453.47953606992
CITY OF SEATTLE - (WA),2015,101784.48268289719
CITY OF SEATTLE - (WA),2016,104565.0642247345
CITY OF SEATTLE - (WA),2017,114715.76536066829
CITY OF SEATTLE - (WA),2018,128939.85067302895
CITY OF SEATTLE - (WA),2019,132369.77456245784
CITY OF SEATTLE - (WA),2020,141189.72882614197
CITY OF SEATTLE - (WA),2021,172735.91502252102
CITY OF SEATTLE - (WA),2022,151296.56352082608
CITY OF SHASTA LAKE - (CA),2014,39698.79681122069
CITY OF SHASTA LAKE - (CA),2015,41414.534483534335
CITY OF SHASTA LAKE - (CA),2016,43278.93120783849
CITY OF SHASTA LAKE - (CA),2017,45304.0755532204
CITY OF SHASTA LAKE - (CA),2018,48737.35325953753
CITY OF SHASTA LAKE - (CA),2019,48222.16976887042
CITY OF SHASTA LAKE - (CA),2020,50289.247660960114
CITY OF SHASTA LAKE - (CA),2021,55722.00056980764
CITY OF SHASTA LAKE - (CA),2022,56809.77507643416
CITY OF SPRINGFIELD - (OR),2014,55474.0785873736
CITY OF SPRINGFIELD - (OR),2015,58145.890033453994
CITY OF SPRINGFIELD - (OR),2016,58986.610870120065
CITY OF SPRINGFIELD - (OR),2017,62073.38516629751
CITY OF SPRINGFIELD - (OR),2018,64356.388934998664
CITY OF SPRINGFIELD - (OR),2019,64020.59504133386
CITY OF SPRINGFIELD - (OR),2020,66641.52080850686
CITY OF SPRINGFIELD - (OR),2021,80180.98930067082
CITY OF SPRINGFIELD - (OR),2022,77995.56503085552
CITY OF SUMAS - (WA),2014,51380.73394495413
CITY OF SUMAS - (WA),2015,50796.33027522935
CITY OF SUMAS - (WA),2016,50141.88034188034
CITY OF SUMAS - (WA),2017,55294.06779661017
CITY OF SUMAS - (WA),2018,59888.23529411764
CITY OF SUMAS - (WA),2019,62582.4
CITY OF SUMAS - (WA),2020,62749.61240310078
CITY OF SUMAS - (WA),2021,75406.77966101695
CITY OF SUMAS - (WA),2022,80899.2
CITY OF TACOMA - (WA),2014,86253.40545923347
CITY OF TACOMA - (WA),2015,90253.8783795677
CITY OF TACOMA - (WA),2016,92290.85994149107
CITY OF TACOMA - (WA),2017,99739.74794539926
CITY OF TACOMA - (WA),2018,109296.97305687012
CITY OF TACOMA - (WA),2019,114980.6415136295
CITY OF TACOMA - (WA),2020,121121.56127082033
CITY OF TACOMA - (WA),2021,148812.1534599474
CITY OF TACOMA - (WA),2022,133175.72875350286
CITY OF UKIAH - (CA),2014,50688.75096974399
CITY OF UKIAH - (CA),2015,52986.94656488549
CITY OF UKIAH - (CA),2016,55071.51515151515
CITY OF UKIAH - (CA),2017,57216.03563474387
CITY OF UKIAH - (CA),2018,60096.3649851632
CITY OF UKIAH - (CA),2019,60992.31884057971
CITY OF UKIAH - (CA),2020,61695.92822636301
CITY OF UKIAH - (CA),2021,69212.29211858279
CITY OF UKIAH - (CA),2022,71543.78257632167
CITY OF VERNON,2014,52375.44915021193
CITY OF VERNON,2015,65604.52291085916
CITY OF VERNON,2016,73342.35143553872
CITY OF VERNON,2017,93561.62991772586
CITY OF VERNON,2018,108244.94438274762
CITY OF VERNON,2019,83210.4319780492
CITY OF VERNON,2020,138674.09653408398
CITY OF VERNON,2021,102695.91395131886
CITY OF VERNON,2022,103330.92613217699
CITY OF VICTORVILLE - (CA),2014,37768.99817787769
CITY OF VICTORVILLE - (CA),2015,39026.55454189658
CITY OF VICTORVILLE - (CA),2016,39062.74372037052
CITY OF VICTORVILLE - (CA),2017,40310.78967372085
CITY OF VICTORVILLE - (CA),2018,41891.800119084146
CITY OF VICTORVILLE - (CA),2019,42386.106897559795
CITY OF VICTORVILLE - (CA),2020,43124.13342520288
CITY OF VICTORVILLE - (CA),2021,46598.65947957753
CITY OF VICTORVILLE - (CA),2022,49122.43737050374
CLATSKANIE PEOPLES UTIL DIST,2014,54041.62400929976
CLATSKANIE PEOPLES UTIL DIST,2015,55074.54099988546
CLATSKANIE PEOPLES UTIL DIST,2016,55170.89157952226
CLATSKANIE PEOPLES UTIL DIST,2017,55346.50876580426
CLATSKANIE PEOPLES UTIL DIST,2018,58448.06887016214
CLATSKANIE PEOPLES UTIL DIST,2019,57483.26602365242
CLATSKANIE PEOPLES UTIL DIST,2020,59582.76722502176
CLATSKANIE PEOPLES UTIL DIST,2021,66404.57859326842
CLATSKANIE PEOPLES UTIL DIST,2022,69895.84286537197
"COLUMBIA BASIN ELEC COOPERATIVE, INC",2014,52463.83431864544
"COLUMBIA BASIN ELEC COOPERATIVE, INC",2015,53491.89000460771
"COLUMBIA BASIN ELEC COOPERATIVE, INC",2016,55340.270924849625
"COLUMBIA BASIN ELEC COOPERATIVE, INC",2017,55244.92580852457
"COLUMBIA BASIN ELEC COOPERATIVE, INC",2018,58897.23750514371
"COLUMBIA BASIN ELEC COOPERATIVE, INC",2019,59215.907597959966
"COLUMBIA BASIN ELEC COOPERATIVE, INC",2020,65670.59244797764
"COLUMBIA BASIN ELEC COOPERATIVE, INC",2021,71221.93601605669
"COLUMBIA BASIN ELEC COOPERATIVE, INC",2022,73684.19252445598
COLUMBIA POWER COOP ASSN INC,2014,39882.3836354826
COLUMBIA POWER COOP ASSN INC,2015,39992.09279329154
COLUMBIA POWER COOP ASSN INC,2016,40676.1792877384
COLUMBIA POWER COOP ASSN INC,2017,42797.96938937573
COLUMBIA POWER COOP ASSN INC,2018,44518.40700466644
COLUMBIA POWER COOP ASSN INC,2019,47501.20674192841
COLUMBIA POWER COOP ASSN INC,2020,50280.05410474905
COLUMBIA POWER COOP ASSN INC,2021,60992.6606079486
COLUMBIA POWER COOP ASSN INC,2022,53719.38132811199
COLUMBIA RIVER PEOPLES UT DIST,2014,58410.228941171765
COLUMBIA RIVER PEOPLES UT DIST,2015,59734.852334874246
COLUMBIA RIVER PEOPLES UT DIST,2016,60942.1516242959
COLUMBIA RIVER PEOPLES UT DIST,2017,63172.56350780735
COLUMBIA RIVER PEOPLES UT DIST,2018,66128.8435222533
COLUMBIA RIVER PEOPLES UT DIST,2019,65975.43219078587
COLUMBIA RIVER PEOPLES UT DIST,2020,67905.4946515677
COLUMBIA RIVER PEOPLES UT DIST,2021,75154.17610706114
COLUMBIA RIVER PEOPLES UT DIST,2022,79507.86598122367
"COLUMBIA RURAL ELEC ASSN, INC",2014,57488.36839618471
"COLUMBIA RURAL ELEC ASSN, INC",2015,58129.60528540939
"COLUMBIA RURAL ELEC ASSN, INC",2016,62989.29880729457
"COLUMBIA RURAL ELEC ASSN, INC",2017,62177.41284159725
"COLUMBIA RURAL ELEC ASSN, INC",2018,67046.09910927284
"COLUMBIA RURAL ELEC ASSN, INC",2019,67275.69999082397
"COLUMBIA RURAL ELEC ASSN, INC",2020,68600.25372365199
"COLUMBIA RURAL ELEC ASSN, INC",2021,79379.8403795584
"COLUMBIA RURAL ELEC ASSN, INC",2022,80685.39162462614
"CONSUMERS POWER, INC",2014,58451.94076436235
"CONSUMERS POWER, INC",2015,60057.917005025076
"CONSUMERS POWER, INC",2016,61842.36329487382
"CONSUMERS POWER, INC",2017,64348.18876658084
"CONSUMERS POWER, INC",2018,67445.34256799177
"CONSUMERS POWER, INC",2019,68477.9446543181
"CONSUMERS POWER, INC",2020,69703.95673763588
"CONSUMERS POWER, INC",2021,80059.10285923364
"CONSUMERS POWER, INC",2022,80443.3855970216
"COOS-CURRY ELECTRIC COOP, INC",2014,46635.9054940757
"COOS-CURRY ELECTRIC COOP, INC",2015,48320.21935015267
"COOS-CURRY ELECTRIC COOP, INC",2016,49754.23862863695
"COOS-CURRY ELECTRIC COOP, INC",2017,51731.246018402315
"COOS-CURRY ELECTRIC COOP, INC",2018,55478.02806878065
"COOS-CURRY ELECTRIC COOP, INC",2019,54118.75391684564
"COOS-CURRY ELECTRIC COOP, INC",2020,56249.501282158926
"COOS-CURRY ELECTRIC COOP, INC",2021,65924.25796091351
"COOS-CURRY ELECTRIC COOP, INC",2022,66203.45624175911
DOUGLAS ELECTRIC COOP - (OR),2014,48167.54439362399
DOUGLAS ELECTRIC COOP - (OR),2015,50139.877790645114
DOUGLAS ELECTRIC COOP - (OR),2016,51778.74012188888
DOUGLAS ELECTRIC COOP - (OR),2017,52630.388058819684
DOUGLAS ELECTRIC COOP - (OR),2018,57247.998951380105
DOUGLAS ELECTRIC COOP - (OR),2019,55268.897985038944
DOUGLAS ELECTRIC COOP - (OR),2020,57536.708401456315
DOUGLAS ELECTRIC COOP - (OR),2021,69830.33064798276
DOUGLAS ELECTRIC COOP - (OR),2022,69424.60577841377
ELMHURST MUTUAL POWER & LIGHT CO,2014,53483.52959517705
ELMHURST MUTUAL POWER & LIGHT CO,2015,55774.2148470313
ELMHURST MUTUAL POWER & LIGHT CO,2016,56277.17885614818
ELMHURST MUTUAL POWER & LIGHT CO,2017,58600.292107195935
ELMHURST MUTUAL POWER & LIGHT CO,2018,62316.19288997419
ELMHURST MUTUAL POWER & LIGHT CO,2019,63219.74018875933
ELMHURST MUTUAL POWER & LIGHT CO,2020,64961.127926302244
ELMHURST MUTUAL POWER & LIGHT CO,2021,71501.17847683016
ELMHURST MUTUAL POWER & LIGHT CO,2022,74012.12911147143
EMERALD PEOPLE'S UTILITY DIST,2014,58701.87318316588
EMERALD PEOPLE'S UTILITY DIST,2015,63064.620341155394
EMERALD PEOPLE'S UTILITY DIST,2016,63502.51433895932
EMERALD PEOPLE'S UTILITY DIST,2017,66870.95901226635
EMERALD PEOPLE'S UTILITY DIST,2018,70390.77027170618
EMERALD PEOPLE'S UTILITY DIST,2019,71093.99350544647
EMERALD PEOPLE'S UTILITY DIST,2020,73124.67508152971
EMERALD PEOPLE'S UTILITY DIST,2021,89158.25398848308
EMERALD PEOPLE'S UTILITY DIST,2022,85475.25141044638
"HARNEY ELECTRIC COOP, INC",2014,44126.50789727089
"HARNEY ELECTRIC COOP, INC",2015,44612.57332707636
"HARNEY ELECTRIC COOP, INC",2016,44282.27120775376
"HARNEY ELECTRIC COOP, INC",2017,47037.15145217336
"HARNEY ELECTRIC COOP, INC",2018,49274.31770523531
"HARNEY ELECTRIC COOP, INC",2019,48424.54534720535
"HARNEY ELECTRIC COOP, INC",2020,50585.67174947669
"HARNEY ELECTRIC COOP, INC",2021,56791.57556099124
"HARNEY ELECTRIC COOP, INC",2022,61971.645515426775
HOOD RIVER ELECTRIC COOP,2014,58789.47459943058
HOOD RIVER ELECTRIC COOP,2015,63898.226902895876
HOOD RIVER ELECTRIC COOP,2016,66590.03985846575
HOOD RIVER ELECTRIC COOP,2017,69975.66078794762
HOOD RIVER ELECTRIC COOP,2018,76265.21622464668
HOOD RIVER ELECTRIC COOP,2019,73327.06394577619
HOOD RIVER ELECTRIC COOP,2020,79574.98336329944
HOOD RIVER ELECTRIC COOP,2021,95894.12958077404
HOOD RIVER ELECTRIC COOP,2022,93057.41599088893
IMPERIAL IRRIGATION DISTRICT,2014,43365.41926559553
IMPERIAL IRRIGATION DISTRICT,2015,45534.872726535345
IMPERIAL IRRIGATION DISTRICT,2016,46492.73104994592
IMPERIAL IRRIGATION DISTRICT,2017,48768.50584270884
IMPERIAL IRRIGATION DISTRICT,2018,51110.75960751062
IMPERIAL IRRIGATION DISTRICT,2019,50909.346193598845
IMPERIAL IRRIGATION DISTRICT,2020,51369.597598823435
IMPERIAL IRRIGATION DISTRICT,2021,59755.814558829385
IMPERIAL IRRIGATION DISTRICT,2022,61098.62276652509
INLAND POWER & LIGHT COMPANY,2014,59701.33412753923
INLAND POWER & LIGHT COMPANY,2015,61214.675256710914
INLAND POWER & LIGHT COMPANY,2016,62237.69902824333
INLAND POWER & LIGHT COMPANY,2017,65860.78877722462
INLAND POWER & LIGHT COMPANY,2018,69215.48182902418
INLAND POWER & LIGHT COMPANY,2019,70856.80120652112
INLAND POWER & LIGHT COMPANY,2020,73540.9747331844
INLAND POWER & LIGHT COMPANY,2021,85760.8616330516
INLAND POWER & LIGHT COMPANY,2022,85460.87428001486
KINGS RIVER CONSERVATION DIST,2014,50397.956972084045
KINGS RIVER CONSERVATION DIST,2015,52634.430134350565
KINGS RIVER CONSERVATION DIST,2016,52820.645536637225
KINGS RIVER CONSERVATION DIST,2017,55750.26011679786
KINGS RIVER CONSERVATION DIST,2018,57198.29256201199
KINGS RIVER CONSERVATION DIST,2019,57367.47850561965
KINGS RIVER CONSERVATION DIST,2020,58222.99418920911
KINGS RIVER CONSERVATION DIST,2021,66057.8767959548
KINGS RIVER CONSERVATION DIST,2022,68547.13356534482
LAKEVIEW LIGHT & POWER,2014,43057.91857287716
LAKEVIEW LIGHT & POWER,2015,45049.15967090972
LAKEVIEW LIGHT & POWER,2016,45677.95893516456
LAKEVIEW LIGHT & POWER,2017,48690.55409460905
LAKEVIEW LIGHT & POWER,2018,51051.016961899586
LAKEVIEW LIGHT & POWER,2019,53020.75659883289
LAKEVIEW LIGHT & POWER,2020,54964.63850585735
LAKEVIEW LIGHT & POWER,2021,61712.487525321805
LAKEVIEW LIGHT & POWER,2022,62228.220494920286
LANE ELECTRIC COOP INC,2014,58885.07563549441
LANE ELECTRIC COOP INC,2015,61697.07318216923
LANE ELECTRIC COOP INC,2016,62071.47216646306
LANE ELECTRIC COOP INC,2017,65390.15575348148
LANE ELECTRIC COOP INC,2018,66174.78551735602
LANE ELECTRIC COOP INC,2019,66571.32083798532
LANE ELECTRIC COOP INC,2020,68889.61416972915
LANE ELECTRIC COOP INC,2021,82262.78258616464
LANE ELECTRIC COOP INC,2022,79916.61880167297
LASSEN MUNICIPAL UTILITY DISTRICT,2014,55274.36724573063
LASSEN MUNICIPAL UTILITY DISTRICT,2015,56014.2053282704
LASSEN MUNICIPAL UTILITY DISTRICT,2016,56289.46914031289
LASSEN MUNICIPAL UTILITY DISTRICT,2017,59196.888759413785
LASSEN MUNICIPAL UTILITY DISTRICT,2018,61859.07023779886
LASSEN MUNICIPAL UTILITY DISTRICT,2019,61989.04574677109
LASSEN MUNICIPAL UTILITY DISTRICT,2020,63155.90939252647
LASSEN MUNICIPAL UTILITY DISTRICT,2021,68470.94258694799
LASSEN MUNICIPAL UTILITY DISTRICT,2022,70432.75933330916
LATHROP IRRIGATION DISTRICT,2014,55002.18857978731
LATHROP IRRIGATION DISTRICT,2015,57279.75611497031
LATHROP IRRIGATION DISTRICT,2016,58814.31802668093
LATHROP IRRIGATION DISTRICT,2017,61077.78702681749
LATHROP IRRIGATION DISTRICT,2018,63609.52710949635
LATHROP IRRIGATION DISTRICT,2019,64555.73021129855
LATHROP IRRIGATION DISTRICT,2020,65675.70305075785
LATHROP IRRIGATION DISTRICT,2021,76036.58297340739
LATHROP IRRIGATION DISTRICT,2022,77602.82873522284
LIBERTY UTILITIES,2014,64223.85686794102
LIBERTY UTILITIES,2015,68220.66512627226
LIBERTY UTILITIES,2016,70589.14001083456
LIBERTY UTILITIES,2017,77820.4144457592
LIBERTY UTILITIES,2018,82128.19242472862
LIBERTY UTILITIES,2019,88941.20937605505
LIBERTY UTILITIES,2020,103668.63664680404
LIBERTY UTILITIES,2021,125550.61470333007
LIBERTY UTILITIES,2022,117412.37609950524
LOS ANGELES DEPARTMENT OF WATER & POWER,2014,83852.77739967515
LOS ANGELES DEPARTMENT OF WATER & POWER,2015,85922.87805703844
LOS ANGELES DEPARTMENT OF WATER & POWER,2016,88303.59628500363
LOS ANGELES DEPARTMENT OF WATER & POWER,2017,96255.85963993937
LOS ANGELES DEPARTMENT OF WATER & POWER,2018,101571.88458218603
LOS ANGELES DEPARTMENT OF WATER & POWER,2019,97994.14692115766
LOS ANGELES DEPARTMENT OF WATER & POWER,2020,99596.76887141762
LOS ANGELES DEPARTMENT OF WATER & POWER,2021,126399.35466698892
LOS ANGELES DEPARTMENT OF WATER & POWER,2022,119886.88431993334
MERCED IRRIGATION DISTRICT,2014,44569.42167252328
MERCED IRRIGATION DISTRICT,2015,45880.15197267159
MERCED IRRIGATION DISTRICT,2016,46863.304133765974
MERCED IRRIGATION DISTRICT,2017,47985.87650769132
MERCED IRRIGATION DISTRICT,2018,50063.34785862991
MERCED IRRIGATION DISTRICT,2019,51240.04673405119
MERCED IRRIGATION DISTRICT,2020,51725.327684092714
MERCED IRRIGATION DISTRICT,2021,57609.564229784584
MERCED IRRIGATION DISTRICT,2022,59496.94742618216
"MIDSTATE ELECTRIC COOP, INC",2014,52635.90107145308
"MIDSTATE ELECTRIC COOP, INC",2015,70142.6209854854
"MIDSTATE ELECTRIC COOP, INC",2016,57856.352181678834
"MIDSTATE ELECTRIC COOP, INC",2017,60316.07423226694
"MIDSTATE ELECTRIC COOP, INC",2018,64931.91954237048
"MIDSTATE ELECTRIC COOP, INC",2019,65966.80762720623
"MIDSTATE ELECTRIC COOP, INC",2020,72935.5108501762
"MIDSTATE ELECTRIC COOP, INC",2021,85182.9051067829
"MIDSTATE ELECTRIC COOP, INC",2022,87212.17357416621
MODERN ELECTRIC WATER COMPANY,2014,52357.812086614176
MODERN ELECTRIC WATER COMPANY,2015,52955.382693121246
MODERN ELECTRIC WATER COMPANY,2016,54537.15690144738
MODERN ELECTRIC WATER COMPANY,2017,58503.194914536405
MODERN ELECTRIC WATER COMPANY,2018,62547.033784724124
MODERN ELECTRIC WATER COMPANY,2019,62769.80526415467
MODERN ELECTRIC WATER COMPANY,2020,65741.94062631756
MODERN ELECTRIC WATER COMPANY,2021,77399.2295410055
MODERN ELECTRIC WATER COMPANY,2022,77740.70059532285
MODESTO IRRIGATION DISTRICT,2014,54818.278356899624
MODESTO IRRIGATION DISTRICT,2015,56824.91139558906
MODESTO IRRIGATION DISTRICT,2016,57651.300843192555
MODESTO IRRIGATION DISTRICT,2017,60633.79958309888
MODESTO IRRIGATION DISTRICT,2018,63589.6045848027
MODESTO IRRIGATION DISTRICT,2019,63361.13260567307
MODESTO IRRIGATION DISTRICT,2020,63822.38664450922
MODESTO IRRIGATION DISTRICT,2021,73729.45751748553
MODESTO IRRIGATION DISTRICT,2022,74735.1704903713
"NESPELEM VALLEY ELEC COOP, INC",2014,42467.724245401456
"NESPELEM VALLEY ELEC COOP, INC",2015,43034.73219166073
"NESPELEM VALLEY ELEC COOP, INC",2016,43397.44518550133
"NESPELEM VALLEY ELEC COOP, INC",2017,47367.54071003658
"NESPELEM VALLEY ELEC COOP, INC",2018,49284.493437174504
"NESPELEM VALLEY ELEC COOP, INC",2019,49081.31624194583
"NESPELEM VALLEY ELEC COOP, INC",2020,52526.52131640737
"NESPELEM VALLEY ELEC COOP, INC",2021,55808.599835867935
"NESPELEM VALLEY ELEC COOP, INC",2022,56446.52287285379
NORTHERN WASCO COUNTY PUD,2014,48401.17359182486
NORTHERN WASCO COUNTY PUD,2015,50027.41557256412
NORTHERN WASCO COUNTY PUD,2016,52354.54357862432
NORTHERN WASCO COUNTY PUD,2017,53653.22759063353
NORTHERN WASCO COUNTY PUD,2018,56658.448586140534
NORTHERN WASCO COUNTY PUD,2019,57370.01657218271
NORTHERN WASCO COUNTY PUD,2020,58925.669485585764
NORTHERN WASCO COUNTY PUD,2021,66098.79071877373
NORTHERN WASCO COUNTY PUD,2022,68228.9381195081
"OHOP MUTUAL LIGHT COMPANY, INC",2014,59970.10652545876
"OHOP MUTUAL LIGHT COMPANY, INC",2015,62449.95334950989
"OHOP MUTUAL LIGHT COMPANY, INC",2016,63438.07222044424
"OHOP MUTUAL LIGHT COMPANY, INC",2017,66860.84524029488
"OHOP MUTUAL LIGHT COMPANY, INC",2018,70598.87606845213
"OHOP MUTUAL LIGHT COMPANY, INC",2019,72518.23411720514
"OHOP MUTUAL LIGHT COMPANY, INC",2020,75857.35735136482
"OHOP MUTUAL LIGHT COMPANY, INC",2021,84717.18422656116
"OHOP MUTUAL LIGHT COMPANY, INC",2022,88051.76619871208
"OKANOGAN COUNTY ELEC COOP, INC",2014,57707.32295576001
"OKANOGAN COUNTY ELEC COOP, INC",2015,57680.74890560531
"OKANOGAN COUNTY ELEC COOP, INC",2016,60854.758864545925
"OKANOGAN COUNTY ELEC COOP, INC",2017,66587.34750333577
"OKANOGAN COUNTY ELEC COOP, INC",2018,72663.13429178514
"OKANOGAN COUNTY ELEC COOP, INC",2019,76500.98748832478
"OKANOGAN COUNTY ELEC COOP, INC",2020,82123.46392724234
"OKANOGAN COUNTY ELEC COOP, INC",2021,100213.34160286508
"OKANOGAN COUNTY ELEC COOP, INC",2022,99265.98523564443
ORCAS POWER & LIGHT COOP,2014,81527.44626908096
ORCAS POWER & LIGHT COOP,2015,85599.55870005475
ORCAS POWER & LIGHT COOP,2016,92122.67992742518
ORCAS POWER & LIGHT COOP,2017,99761.74683657214
ORCAS POWER & LIGHT COOP,2018,103280.14103563663
ORCAS POWER & LIGHT COOP,2019,105715.71915722756
ORCAS POWER & LIGHT COOP,2020,111589.19052371441
ORCAS POWER & LIGHT COOP,2021,141024.9995600107
ORCAS POWER & LIGHT COOP,2022,126930.54820652097
"OREGON TRAIL EL CONS COOP, INC",2014,48091.551967388776
"OREGON TRAIL EL CONS COOP, INC",2015,49608.89086636153
"OREGON TRAIL EL CONS COOP, INC",2016,50108.67503001499
"OREGON TRAIL EL CONS COOP, INC",2017,51206.20692505645
"OREGON TRAIL EL CONS COOP, INC",2018,54816.94821966518
"OREGON TRAIL EL CONS COOP, INC",2019,54490.90091657292
"OREGON TRAIL EL CONS COOP, INC",2020,56012.785661231166
"OREGON TRAIL EL CONS COOP, INC",2021,62587.46832916482
"OREGON TRAIL EL CONS COOP, INC",2022,64225.99788066459
PACIFIC GAS & ELECTRIC CO.,2014,83750.96390508662
PACIFIC GAS & ELECTRIC CO.,2015,88660.58508424311
PACIFIC GAS & ELECTRIC CO.,2016,89044.00263257475
PACIFIC GAS & ELECTRIC CO.,2017,95719.64221451271
PACIFIC GAS & ELECTRIC CO.,2018,102736.10834146888
PACIFIC GAS & ELECTRIC CO.,2019,103419.78839578814
PACIFIC GAS & ELECTRIC CO.,2020,109493.4803457226
PACIFIC GAS & ELECTRIC CO.,2021,133498.48900024465
PACIFIC GAS & ELECTRIC CO.,2022,123505.28083572423
PACIFIC GAS & ELECTRIC COMPANY AND MODESTO IRRIGATION DISTRICT,2014,57396.82456536711
PACIFIC GAS & ELECTRIC COMPANY AND MODESTO IRRIGATION DISTRICT,2015,59635.694435635036
PACIFIC GAS & ELECTRIC COMPANY AND MODESTO IRRIGATION DISTRICT,2016,60559.92831303121
PACIFIC GAS & ELECTRIC COMPANY AND MODESTO IRRIGATION DISTRICT,2017,62816.51762235623
PACIFIC GAS & ELECTRIC COMPANY AND MODESTO IRRIGATION DISTRICT,2018,66090.20273026267
PACIFIC GAS & ELECTRIC COMPANY AND MODESTO IRRIGATION DISTRICT,2019,66155.21795026767
PACIFIC GAS & ELECTRIC COMPANY AND MODESTO IRRIGATION DISTRICT,2020,66383.03834851042
PACIFIC GAS & ELECTRIC COMPANY AND MODESTO IRRIGATION DISTRICT,2021,76486.27048257898
PACIFIC GAS & ELECTRIC COMPANY AND MODESTO IRRIGATION DISTRICT,2022,77397.63604416938
PACIFICORP,2014,50873.114248387756
PACIFICORP,2015,53052.09743728297
PACIFICORP,2016,54175.56503749726
PACIFICORP,2017,56836.312984309756
PACIFICORP,2018,59622.70261972132
PACIFICORP,2019,59400.56819790571
PACIFICORP,2020,61635.342832535775
PACIFICORP,2021,72370.77473336243
PACIFICORP,2022,71529.67179454677
PARKLAND LIGHT & WATER COMPANY,2014,43365.2311590127
PARKLAND LIGHT & WATER COMPANY,2015,45242.14366651134
PARKLAND LIGHT & WATER COMPANY,2016,45812.26322878329
PARKLAND LIGHT & WATER COMPANY,2017,47859.41187305894
PARKLAND LIGHT & WATER COMPANY,2018,51099.91508360253
PARKLAND LIGHT & WATER COMPANY,2019,52424.74388263771
PARKLAND LIGHT & WATER COMPANY,2020,53223.27046406283
PARKLAND LIGHT & WATER COMPANY,2021,59565.53176765539
PARKLAND LIGHT & WATER COMPANY,2022,61641.878577399664
PENINSULA LIGHT COMPANY,2014,59393.25985326505
PENINSULA LIGHT COMPANY,2015,61991.015661749625
PENINSULA LIGHT COMPANY,2016,63245.29440568477
PENINSULA LIGHT COMPANY,2017,66991.32486563342
PENINSULA LIGHT COMPANY,2018,71447.62513281961
PENINSULA LIGHT COMPANY,2019,72581.99976911073
PENINSULA LIGHT COMPANY,2020,75531.90690484828
PENINSULA LIGHT COMPANY,2021,86474.29643642336
PENINSULA LIGHT COMPANY,2022,87808.2925750504
PITTSBURG POWER COMPANY,2014,46537.784581770764
PITTSBURG POWER COMPANY,2015,49036.10016966351
PITTSBURG POWER COMPANY,2016,50590.371032774216
PITTSBURG POWER COMPANY,2017,54854.024736961685
PITTSBURG POWER COMPANY,2018,57557.53629023517
PITTSBURG POWER COMPANY,2019,59395.298869710554
PITTSBURG POWER COMPANY,2020,62027.343492978114
PITTSBURG POWER COMPANY,2021,68139.5378207997
PITTSBURG POWER COMPANY,2022,70250.71892294394
PLUMAS-SIERRA RURAL ELEC COOP,2014,52601.063986090594
PLUMAS-SIERRA RURAL ELEC COOP,2015,52722.1186735424
PLUMAS-SIERRA RURAL ELEC COOP,2016,55509.5556701274
PLUMAS-SIERRA RURAL ELEC COOP,2017,57265.40119659401
PLUMAS-SIERRA RURAL ELEC COOP,2018,60820.27912676429
PLUMAS-SIERRA RURAL ELEC COOP,2019,60387.63176409997
PLUMAS-SIERRA RURAL ELEC COOP,2020,63220.32582991387
PLUMAS-SIERRA RURAL ELEC COOP,2021,70861.68240000856
PLUMAS-SIERRA RURAL ELEC COOP,2022,71285.26873699484
PORT OF OAKLAND,2014,40229.956279634025
PORT OF OAKLAND,2015,43869.91135792857
PORT OF OAKLAND,2016,45629.566393337256
PORT OF OAKLAND,2017,49160.23293010142
PORT OF OAKLAND,2018,56124.434544920885
PORT OF OAKLAND,2019,56028.93018075394
PORT OF OAKLAND,2020,57424.800056537795
PORT OF OAKLAND,2021,64670.44223597644
PORT OF OAKLAND,2022,65927.1456711347
PORT OF STOCKTON - (CA),2014,36709.278202057256
PORT OF STOCKTON - (CA),2015,37083.43133106223
PORT OF STOCKTON - (CA),2016,38215.44948664005
PORT OF STOCKTON - (CA),2017,39466.74824014335
PORT OF STOCKTON - (CA),2018,41378.471728382174
PORT OF STOCKTON - (CA),2019,41730.259458198576
PORT OF STOCKTON - (CA),2020,42846.72812075584
PORT OF STOCKTON - (CA),2021,47688.42022413603
PORT OF STOCKTON - (CA),2022,50364.79411347064
PORTLAND GENERAL ELECTRIC CO,2014,68442.80418226807
PORTLAND GENERAL ELECTRIC CO,2015,72143.49233199007
PORTLAND GENERAL ELECTRIC CO,2016,74959.58270585757
PORTLAND GENERAL ELECTRIC CO,2017,78258.15959453488
PORTLAND GENERAL ELECTRIC CO,2018,82111.27462505078
PORTLAND GENERAL ELECTRIC CO,2019,82815.11272068803
PORTLAND GENERAL ELECTRIC CO,2020,85513.2050176781
PORTLAND GENERAL ELECTRIC CO,2021,98545.68744856051
PORTLAND GENERAL ELECTRIC CO,2022,97671.56721276058
PUD 1 OF SNOHOMISH COUNTY,2014,63526.56846565971
PUD 1 OF SNOHOMISH COUNTY,2015,66524.91856425327
PUD 1 OF SNOHOMISH COUNTY,2016,68869.22594406566
PUD 1 OF SNOHOMISH COUNTY,2017,72278.81691983563
PUD 1 OF SNOHOMISH COUNTY,2018,76860.12869697316
PUD 1 OF SNOHOMISH COUNTY,2019,79468.56456821336
PUD 1 OF SNOHOMISH COUNTY,2020,81101.94296732127
PUD 1 OF SNOHOMISH COUNTY,2021,92364.2577230018
PUD 1 OF SNOHOMISH COUNTY,2022,94386.19685101064
PUD NO 1 OF ASOTIN COUNTY,2014,55012.90975306126
PUD NO 1 OF ASOTIN COUNTY,2015,55474.632025844876
PUD NO 1 OF ASOTIN COUNTY,2016,60666.162454786165
PUD NO 1 OF ASOTIN COUNTY,2017,60226.627165543716
PUD NO 1 OF ASOTIN COUNTY,2018,65748.01231050893
PUD NO 1 OF ASOTIN COUNTY,2019,62734.34459562167
PUD NO 1 OF ASOTIN COUNTY,2020,65000.6475958029
PUD NO 1 OF ASOTIN COUNTY,2021,75486.85521115061
PUD NO 1 OF ASOTIN COUNTY,2022,76846.73274076093
PUD NO 1 OF BENTON COUNTY,2014,58056.60755811297
PUD NO 1 OF BENTON COUNTY,2015,59366.04083754666
PUD NO 1 OF BENTON COUNTY,2016,61189.41022881087
PUD NO 1 OF BENTON COUNTY,2017,63496.44791096088
PUD NO 1 OF BENTON COUNTY,2018,67789.16849864133
PUD NO 1 OF BENTON COUNTY,2019,67865.13460671307
PUD NO 1 OF BENTON COUNTY,2020,70538.9538984338
PUD NO 1 OF BENTON COUNTY,2021,80094.93790374011
PUD NO 1 OF BENTON COUNTY,2022,80454.76415823183
PUD NO 1 OF CHELAN COUNTY,2014,60189.59856418701
PUD NO 1 OF CHELAN COUNTY,2015,59950.3685748207
PUD NO 1 OF CHELAN COUNTY,2016,61093.99817381905
PUD NO 1 OF CHELAN COUNTY,2017,63427.92425995753
PUD NO 1 OF CHELAN COUNTY,2018,69299.52329673374
PUD NO 1 OF CHELAN COUNTY,2019,69481.74117048243
PUD NO 1 OF CHELAN COUNTY,2020,73543.24959536773
PUD NO 1 OF CHELAN COUNTY,2021,88690.16167905525
PUD NO 1 OF CHELAN COUNTY,2022,84170.88086401146
PUD NO 1 OF CLALLAM COUNTY,2014,55905.23724207298
PUD NO 1 OF CLALLAM COUNTY,2015,56678.83564739929
PUD NO 1 OF CLALLAM COUNTY,2016,57050.188053625054
PUD NO 1 OF CLALLAM COUNTY,2017,62004.82238804046
PUD NO 1 OF CLALLAM COUNTY,2018,65548.63379064719
PUD NO 1 OF CLALLAM COUNTY,2019,66427.82757246569
PUD NO 1 OF CLALLAM COUNTY,2020,68989.25368253057
PUD NO 1 OF CLALLAM COUNTY,2021,81090.62517469913
PUD NO 1 OF CLALLAM COUNTY,2022,80582.00617566331
PUD NO 1 OF CLARK COUNTY - (WA),2014,68033.37773822468
PUD NO 1 OF CLARK COUNTY - (WA),2015,72477.09983426574
PUD NO 1 OF CLARK COUNTY - (WA),2016,73517.88402404742
PUD NO 1 OF CLARK COUNTY - (WA),2017,77556.63171982906
PUD NO 1 OF CLARK COUNTY - (WA),2018,83129.98568420549
PUD NO 1 OF CLARK COUNTY - (WA),2019,82495.13297256772
PUD NO 1 OF CLARK COUNTY - (WA),2020,86123.27393915424
PUD NO 1 OF CLARK COUNTY - (WA),2021,104653.66472139672
PUD NO 1 OF CLARK COUNTY - (WA),2022,99476.79610909693
PUD NO 1 OF COWLITZ COUNTY,2014,53883.54523292007
PUD NO 1 OF COWLITZ COUNTY,2015,54933.53791133054
PUD NO 1 OF COWLITZ COUNTY,2016,56153.369128890365
PUD NO 1 OF COWLITZ COUNTY,2017,58741.19932668977
PUD NO 1 OF COWLITZ COUNTY,2018,61908.22108364276
PUD NO 1 OF COWLITZ COUNTY,2019,63018.92426104993
PUD NO 1 OF COWLITZ COUNTY,2020,67842.9934109842
PUD NO 1 OF COWLITZ COUNTY,2021,74500.79269135464
PUD NO 1 OF COWLITZ COUNTY,2022,79122.79765884823
PUD NO 1 OF DOUGLAS COUNTY,2014,51604.10057943295
PUD NO 1 OF DOUGLAS COUNTY,2015,52030.29174088875
PUD NO 1 OF DOUGLAS COUNTY,2016,54311.27968240651
PUD NO 1 OF DOUGLAS COUNTY,2017,56410.856575202706
PUD NO 1 OF DOUGLAS COUNTY,2018,60929.79962631507
PUD NO 1 OF DOUGLAS COUNTY,2019,63055.839688970955
PUD NO 1 OF DOUGLAS COUNTY,2020,63380.21883173459
PUD NO 1 OF DOUGLAS COUNTY,2021,74966.01158613217
PUD NO 1 OF DOUGLAS COUNTY,2022,74300.40657343615
PUD NO 1 OF FERRY COUNTY,2014,46943.54080095953
PUD NO 1 OF FERRY COUNTY,2015,47994.09188592934
PUD NO 1 OF FERRY COUNTY,2016,49082.29966897403
PUD NO 1 OF FERRY COUNTY,2017,50347.91344927101
PUD NO 1 OF FERRY COUNTY,2018,52579.04279518239
PUD NO 1 OF FERRY COUNTY,2019,51507.991470091925
PUD NO 1 OF FERRY COUNTY,2020,54089.14346987895
PUD NO 1 OF FERRY COUNTY,2021,60379.65181665599
PUD NO 1 OF FERRY COUNTY,2022,59099.892324075656
PUD NO 1 OF FRANKLIN COUNTY,2014,50515.354600608174
PUD NO 1 OF FRANKLIN COUNTY,2015,51625.44873740739
PUD NO 1 OF FRANKLIN COUNTY,2016,53205.043199358224
PUD NO 1 OF FRANKLIN COUNTY,2017,54548.97915116114
PUD NO 1 OF FRANKLIN COUNTY,2018,60460.899240928105
PUD NO 1 OF FRANKLIN COUNTY,2019,58413.44268691371
PUD NO 1 OF FRANKLIN COUNTY,2020,60155.04109704863
PUD NO 1 OF FRANKLIN COUNTY,2021,69696.8439802876
PUD NO 1 OF FRANKLIN COUNTY,2022,69575.80112319897
PUD NO 1 OF GRAYS HARBOR COUNTY,2014,48341.47919474454
PUD NO 1 OF GRAYS HARBOR COUNTY,2015,49117.49778891362
PUD NO 1 OF GRAYS HARBOR COUNTY,2016,50259.499940340946
PUD NO 1 OF GRAYS HARBOR COUNTY,2017,52411.66486200912
PUD NO 1 OF GRAYS HARBOR COUNTY,2018,55355.928679610144
PUD NO 1 OF GRAYS HARBOR COUNTY,2019,56539.34387953434
PUD NO 1 OF GRAYS HARBOR COUNTY,2020,57326.208169237005
PUD NO 1 OF GRAYS HARBOR COUNTY,2021,66250.6572613736
PUD NO 1 OF GRAYS HARBOR COUNTY,2022,67965.65649817907
PUD NO 1 OF JEFFERSON COUNTY,2014,63845.47736739006
PUD NO 1 OF JEFFERSON COUNTY,2015,67721.13313513527
PUD NO 1 OF JEFFERSON COUNTY,2016,65886.76763965192
PUD NO 1 OF JEFFERSON COUNTY,2017,69683.24334187803
PUD NO 1 OF JEFFERSON COUNTY,2018,74195.77529584027
PUD NO 1 OF JEFFERSON COUNTY,2019,73831.59574753046
PUD NO 1 OF JEFFERSON COUNTY,2020,76862.77802756321
PUD NO 1 OF JEFFERSON COUNTY,2021,93369.09505665115
PUD NO 1 OF JEFFERSON COUNTY,2022,88484.21123231742
PUD NO 1 OF KITTITAS COUNTY,2014,54405.01437999981
PUD NO 1 OF KITTITAS COUNTY,2015,55630.356038169346
PUD NO 1 OF KITTITAS COUNTY,2016,58053.14145324028
PUD NO 1 OF KITTITAS COUNTY,2017,61410.5624594827
PUD NO 1 OF KITTITAS COUNTY,2018,67721.08901600665
PUD NO 1 OF KITTITAS COUNTY,2019,68889.66553620364
PUD NO 1 OF KITTITAS COUNTY,2020,72603.30116123814
PUD NO 1 OF KITTITAS COUNTY,2021,85633.5639540733
PUD NO 1 OF KITTITAS COUNTY,2022,84417.18526857495
PUD NO 1 OF KLICKITAT COUNTY,2014,57120.078148337925
PUD NO 1 OF KLICKITAT COUNTY,2015,60248.171982766384
PUD NO 1 OF KLICKITAT COUNTY,2016,64235.80696487975
PUD NO 1 OF KLICKITAT COUNTY,2017,68396.02384190075
PUD NO 1 OF KLICKITAT COUNTY,2018,70623.74385344134
PUD NO 1 OF KLICKITAT COUNTY,2019,70757.50222667227
PUD NO 1 OF KLICKITAT COUNTY,2020,75000.1913378488
PUD NO 1 OF KLICKITAT COUNTY,2021,112743.10994379758
PUD NO 1 OF KLICKITAT COUNTY,2022,86133.2406937186
PUD NO 1 OF LEWIS COUNTY,2014,50414.15738774053
PUD NO 1 OF LEWIS COUNTY,2015,52058.44063267113
PUD NO 1 OF LEWIS COUNTY,2016,53748.165680775965
PUD NO 1 OF LEWIS COUNTY,2017,56554.53634761124
PUD NO 1 OF LEWIS COUNTY,2018,60048.552768064714
PUD NO 1 OF LEWIS COUNTY,2019,61511.96399352555
PUD NO 1 OF LEWIS COUNTY,2020,64239.012880517475
PUD NO 1 OF LEWIS COUNTY,2021,72937.25084852653
PUD NO 1 OF LEWIS COUNTY,2022,74424.93699670136
PUD NO 1 OF MASON COUNTY,2014,56790.83880547805
PUD NO 1 OF MASON COUNTY,2015,57615.14094396786
PUD NO 1 OF MASON COUNTY,2016,57415.171443449886
PUD NO 1 OF MASON COUNTY,2017,60616.36040972889
PUD NO 1 OF MASON COUNTY,2018,64647.531114106096
PUD NO 1 OF MASON COUNTY,2019,65115.825303236496
PUD NO 1 OF MASON COUNTY,2020,67787.368419188
PUD NO 1 OF MASON COUNTY,2021,78887.97286127986
PUD NO 1 OF MASON COUNTY,2022,79603.42955872271
PUD NO 1 OF OKANOGAN COUNTY,2014,42006.938167033084
PUD NO 1 OF OKANOGAN COUNTY,2015,43028.2853893112
PUD NO 1 OF OKANOGAN COUNTY,2016,43628.92048630676
PUD NO 1 OF OKANOGAN COUNTY,2017,45735.01699424746
PUD NO 1 OF OKANOGAN COUNTY,2018,48063.435664013974
PUD NO 1 OF OKANOGAN COUNTY,2019,47411.231650449896
PUD NO 1 OF OKANOGAN COUNTY,2020,50983.489569485966
PUD NO 1 OF OKANOGAN COUNTY,2021,56889.060699246766
PUD NO 1 OF OKANOGAN COUNTY,2022,59273.98672364586
PUD NO 1 OF PEND OREILLE COUNTY,2014,53498.26651811781
PUD NO 1 OF PEND OREILLE COUNTY,2015,51985.76905845776
PUD NO 1 OF PEND OREILLE COUNTY,2016,72083.05427847027
PUD NO 1 OF PEND OREILLE COUNTY,2017,78079.42798698295
PUD NO 1 OF PEND OREILLE COUNTY,2018,60274.75639387042
PUD NO 1 OF PEND OREILLE COUNTY,2019,60103.743506722545
PUD NO 1 OF PEND OREILLE COUNTY,2020,61332.37817712958
PUD NO 1 OF PEND OREILLE COUNTY,2021,73846.2821132476
PUD NO 1 OF PEND OREILLE COUNTY,2022,70778.31312479722
PUD NO 1 OF SKAMANIA CO,2014,66575.17913196285
PUD NO 1 OF SKAMANIA CO,2015,68070.6266118123
PUD NO 1 OF SKAMANIA CO,2016,73087.70352269516
PUD NO 1 OF SKAMANIA CO,2017,79065.28152700834
PUD NO 1 OF SKAMANIA CO,2018,82212.21916645452
PUD NO 1 OF SKAMANIA CO,2019,84930.75158929673
PUD NO 1 OF SKAMANIA CO,2020,92943.32427995448
PUD NO 1 OF SKAMANIA CO,2021,112132.95567817056
PUD NO 1 OF SKAMANIA CO,2022,106202.19595321313
PUD NO 1 OF WAHKIAKUM COUNTY,2014,52980.25372163265
PUD NO 1 OF WAHKIAKUM COUNTY,2015,55092.84264570908
PUD NO 1 OF WAHKIAKUM COUNTY,2016,57781.01440392592
PUD NO 1 OF WAHKIAKUM COUNTY,2017,56882.160925892684
PUD NO 1 OF WAHKIAKUM COUNTY,2018,64751.49659175626
PUD NO 1 OF WAHKIAKUM COUNTY,2019,66780.12918713376
PUD NO 1 OF WAHKIAKUM COUNTY,2020,69857.42427382535
PUD NO 1 OF WAHKIAKUM COUNTY,2021,74789.6231911159
PUD NO 1 OF WAHKIAKUM COUNTY,2022,77224.06113039797
PUD NO 1 OF WHATCOM COUNTY,2014,61088.112415238735
PUD NO 1 OF WHATCOM COUNTY,2015,64024.29642691757
PUD NO 1 OF WHATCOM COUNTY,2016,64015.56634033618
PUD NO 1 OF WHATCOM COUNTY,2017,67499.01084041946
PUD NO 1 OF WHATCOM COUNTY,2018,72595.26156360171
PUD NO 1 OF WHATCOM COUNTY,2019,74445.13336600746
PUD NO 1 OF WHATCOM COUNTY,2020,77474.93129223275
PUD NO 1 OF WHATCOM COUNTY,2021,94939.2214160974
PUD NO 1 OF WHATCOM COUNTY,2022,91928.92690573017
PUD NO 2 OF GRANT COUNTY,2014,48988.952424467374
PUD NO 2 OF GRANT COUNTY,2015,50550.652766277395
PUD NO 2 OF GRANT COUNTY,2016,50546.25015166023
PUD NO 2 OF GRANT COUNTY,2017,51988.26283026035
PUD NO 2 OF GRANT COUNTY,2018,56260.99209998126
PUD NO 2 OF GRANT COUNTY,2019,55306.49123957066
PUD NO 2 OF GRANT COUNTY,2020,57138.250972972775
PUD NO 2 OF GRANT COUNTY,2021,63370.772938118476
PUD NO 2 OF GRANT COUNTY,2022,64980.351472425034
PUD NO 2 OF PACIFIC COUNTY,2014,48322.4805193171
PUD NO 2 OF PACIFIC COUNTY,2015,49304.75352647015
PUD NO 2 OF PACIFIC COUNTY,2016,51426.57495473752
PUD NO 2 OF PACIFIC COUNTY,2017,52697.18103981208
PUD NO 2 OF PACIFIC COUNTY,2018,56406.16921732722
PUD NO 2 OF PACIFIC COUNTY,2019,56493.78301176923
PUD NO 2 OF PACIFIC COUNTY,2020,59528.30207507183
PUD NO 2 OF PACIFIC COUNTY,2021,70846.62156208984
PUD NO 2 OF PACIFIC COUNTY,2022,68280.58833474274
PUD NO 3 OF MASON COUNTY,2014,54397.805464435936
PUD NO 3 OF MASON COUNTY,2015,55015.492822241526
PUD NO 3 OF MASON COUNTY,2016,56296.27970888322
PUD NO 3 OF MASON COUNTY,2017,59834.81243095921
PUD NO 3 OF MASON COUNTY,2018,63546.14872628957
PUD NO 3 OF MASON COUNTY,2019,64685.96813697451
PUD NO 3 OF MASON COUNTY,2020,66482.39177604282
PUD NO 3 OF MASON COUNTY,2021,76362.16024255811
PUD NO 3 OF MASON COUNTY,2022,76501.87292792845
PUGET SOUND ENERGY INC,2014,80411.43834199639
PUGET SOUND ENERGY INC,2015,83413.79149568331
PUGET SOUND ENERGY INC,2016,85480.29344151271
PUGET SOUND ENERGY INC,2017,91265.49685782944
PUGET SOUND ENERGY INC,2018,98883.4641852164
PUGET SOUND ENERGY INC,2019,104469.09993969314
PUGET SOUND ENERGY INC,2020,109681.41648126581
PUGET SOUND ENERGY INC,2021,133467.06776304674
PUGET SOUND ENERGY INC,2022,122914.15644201655
RANCHO CUCAMONGA MUNICIPAL UTILITY,2014,64555.601639386914
RANCHO CUCAMONGA MUNICIPAL UTILITY,2015,67280.04150196687
RANCHO CUCAMONGA MUNICIPAL UTILITY,2016,75471.33814558173
RANCHO CUCAMONGA MUNICIPAL UTILITY,2017,72087.95994392702
RANCHO CUCAMONGA MUNICIPAL UTILITY,2018,73745.18778418831
RANCHO CUCAMONGA MUNICIPAL UTILITY,2019,73248.77720333592
RANCHO CUCAMONGA MUNICIPAL UTILITY,2020,75767.78574941876
RANCHO CUCAMONGA MUNICIPAL UTILITY,2021,84825.03182878211
RANCHO CUCAMONGA MUNICIPAL UTILITY,2022,88790.01621307162
SACRAMENTO MUNICIPAL UTIL DIST,2014,59336.296813642984
SACRAMENTO MUNICIPAL UTIL DIST,2015,61598.81444083727
SACRAMENTO MUNICIPAL UTIL DIST,2016,63116.261681320044
SACRAMENTO MUNICIPAL UTIL DIST,2017,65995.25730502672
SACRAMENTO MUNICIPAL UTIL DIST,2018,69049.0243209494
SACRAMENTO MUNICIPAL UTIL DIST,2019,69854.83947508676
SACRAMENTO MUNICIPAL UTIL DIST,2020,71742.59817120057
SACRAMENTO MUNICIPAL UTIL DIST,2021,82331.75051710305
SACRAMENTO MUNICIPAL UTIL DIST,2022,85444.09032037102
SALEM ELECTRIC - (OR),2014,50680.4341166797
SALEM ELECTRIC - (OR),2015,52571.325995953695
SALEM ELECTRIC - (OR),2016,54265.23575489182
SALEM ELECTRIC - (OR),2017,57181.74159051618
SALEM ELECTRIC - (OR),2018,59424.663167030885
SALEM ELECTRIC - (OR),2019,59922.881464781625
SALEM ELECTRIC - (OR),2020,59753.43032916978
SALEM ELECTRIC - (OR),2021,67404.78314699934
SALEM ELECTRIC - (OR),2022,69944.10264290516
SAN DIEGO GAS & ELECTRIC CO,2014,75552.61278071557
SAN DIEGO GAS & ELECTRIC CO,2015,78725.64162473334
SAN DIEGO GAS & ELECTRIC CO,2016,83171.10861894103
SAN DIEGO GAS & ELECTRIC CO,2017,83722.8321037815
SAN DIEGO GAS & ELECTRIC CO,2018,88701.34002614026
SAN DIEGO GAS & ELECTRIC CO,2019,90293.2297798434
SAN DIEGO GAS & ELECTRIC CO,2020,93838.78474665637
SAN DIEGO GAS & ELECTRIC CO,2021,111806.27392587175
SAN DIEGO GAS & ELECTRIC CO,2022,110036.76159128905
SHELTER COVE RESORT IMPROVEMENT DISTRICT,2014,39097.82608695653
SHELTER COVE RESORT IMPROVEMENT DISTRICT,2015,45969.565217391304
SHELTER COVE RESORT IMPROVEMENT DISTRICT,2016,45248.936170212764
SHELTER COVE RESORT IMPROVEMENT DISTRICT,2017,47651.06382978723
SHELTER COVE RESORT IMPROVEMENT DISTRICT,2018,53126.08695652173
SHELTER COVE RESORT IMPROVEMENT DISTRICT,2019,55213.043478260865
SHELTER COVE RESORT IMPROVEMENT DISTRICT,2020,53371.69811320754
SHELTER COVE RESORT IMPROVEMENT DISTRICT,2021,63330.43478260868
SHELTER COVE RESORT IMPROVEMENT DISTRICT,2022,54088.372093023245
SOUTHERN CALIFORNIA EDISON CO,2014,64490.21101557028
SOUTHERN CALIFORNIA EDISON CO,2015,67560.81401113722
SOUTHERN CALIFORNIA EDISON CO,2016,68550.43115032704
SOUTHERN CALIFORNIA EDISON CO,2017,71776.87646759544
SOUTHERN CALIFORNIA EDISON CO,2018,74665.64244159643
SOUTHERN CALIFORNIA EDISON CO,2019,74697.77370699047
SOUTHERN CALIFORNIA EDISON CO,2020,76637.66249990232
SOUTHERN CALIFORNIA EDISON CO,2021,90222.28144686809
SOUTHERN CALIFORNIA EDISON CO,2022,89711.10969408564
SURPRISE VALLEY ELECTRIFICATION,2014,48049.98298387482
SURPRISE VALLEY ELECTRIFICATION,2015,47776.42577032375
SURPRISE VALLEY ELECTRIFICATION,2016,48031.9535315662
SURPRISE VALLEY ELECTRIFICATION,2017,50588.91304193787
SURPRISE VALLEY ELECTRIFICATION,2018,52819.29654279427
SURPRISE VALLEY ELECTRIFICATION,2019,52201.083365237595
SURPRISE VALLEY ELECTRIFICATION,2020,53957.73736742578
SURPRISE VALLEY ELECTRIFICATION,2021,58391.66720127429
SURPRISE VALLEY ELECTRIFICATION,2022,61203.08407642891
TANNER ELECTRIC COOP,2014,110017.98939314156
TANNER ELECTRIC COOP,2015,123945.73998910247
TANNER ELECTRIC COOP,2016,122847.25910805113
TANNER ELECTRIC COOP,2017,129593.25897203005
TANNER ELECTRIC COOP,2018,144653.42513323404
TANNER ELECTRIC COOP,2019,158325.82342797326
TANNER ELECTRIC COOP,2020,163417.93978089147
TANNER ELECTRIC COOP,2021,191236.11272380903
TANNER ELECTRIC COOP,2022,185371.97776610483
TILLAMOOK PEOPLES UTILITY DIST,2014,46093.66574123568
TILLAMOOK PEOPLES UTILITY DIST,2015,48507.47940035781
TILLAMOOK PEOPLES UTILITY DIST,2016,52246.4535814891
TILLAMOOK PEOPLES UTILITY DIST,2017,54098.06363072016
TILLAMOOK PEOPLES UTILITY DIST,2018,55046.71059504449
TILLAMOOK PEOPLES UTILITY DIST,2019,55946.36710854239
TILLAMOOK PEOPLES UTILITY DIST,2020,58654.42867135839
TILLAMOOK PEOPLES UTILITY DIST,2021,68728.28414294372
TILLAMOOK PEOPLES UTILITY DIST,2022,68640.74154346973
TOWN OF EATONVILLE - (WA),2014,62273.25581395349
TOWN OF EATONVILLE - (WA),2015,64424.0990990991
TOWN OF EATONVILLE - (WA),2016,64819.9124726477
TOWN OF EATONVILLE - (WA),2017,69019.48608137046
TOWN OF EATONVILLE - (WA),2018,72877.70833333333
TOWN OF EATONVILLE - (WA),2019,76196.39278557114
TOWN OF EATONVILLE - (WA),2020,82718.09145129225
TOWN OF EATONVILLE - (WA),2021,95047.25050916497
TOWN OF EATONVILLE - (WA),2022,101392.0731707317
TOWN OF RUSTON - (WA),2014,69665.07739442667
TOWN OF RUSTON - (WA),2015,70997.5068133881
TOWN OF RUSTON - (WA),2016,68826.67009288927
TOWN OF RUSTON - (WA),2017,74636.28230763743
TOWN OF RUSTON - (WA),2018,77740.9174492249
TOWN OF RUSTON - (WA),2019,79558.67815912094
TOWN OF RUSTON - (WA),2020,79514.62147435549
TOWN OF RUSTON - (WA),2021,91304.7356634402
TOWN OF RUSTON - (WA),2022,89949.18249957301
TOWN OF STEILACOOM,2014,69432.80451191276
TOWN OF STEILACOOM,2015,71672.50762125118
TOWN OF STEILACOOM,2016,74413.48617722766
TOWN OF STEILACOOM,2017,77787.59117621066
TOWN OF STEILACOOM,2018,82804.4666424567
TOWN OF STEILACOOM,2019,85611.93626315813
TOWN OF STEILACOOM,2020,86493.25245475817
TOWN OF STEILACOOM,2021,102360.76557910176
TOWN OF STEILACOOM,2022,102736.42447847157
TRINITY PUBLIC UTILITIES DIST,2014,42894.27548738099
TRINITY PUBLIC UTILITIES DIST,2015,44129.49743990179
TRINITY PUBLIC UTILITIES DIST,2016,47207.52025442449
TRINITY PUBLIC UTILITIES DIST,2017,45367.925815048926
TRINITY PUBLIC UTILITIES DIST,2018,46446.534926147695
TRINITY PUBLIC UTILITIES DIST,2019,46765.39358228283
TRINITY PUBLIC UTILITIES DIST,2020,48665.42810488564
TRINITY PUBLIC UTILITIES DIST,2021,53783.09319301083
TRINITY PUBLIC UTILITIES DIST,2022,55554.58285664948
TRUCKEE DONNER P U D,2014,93823.47794921102
TRUCKEE DONNER P U D,2015,98613.85149804746
TRUCKEE DONNER P U D,2016,109595.05815993932
TRUCKEE DONNER P U D,2017,114805.03016026864
TRUCKEE DONNER P U D,2018,122794.01173152533
TRUCKEE DONNER P U D,2019,138141.04050090784
TRUCKEE DONNER P U D,2020,166008.6132715308
TRUCKEE DONNER P U D,2021,190737.04932636252
TRUCKEE DONNER P U D,2022,172961.35041831096
TUOLUMNE COUNTY PUB POWER AGNY,2014,55402.14672362086
TUOLUMNE COUNTY PUB POWER AGNY,2015,57689.319545451835
TUOLUMNE COUNTY PUB POWER AGNY,2016,59662.42706576992
TUOLUMNE COUNTY PUB POWER AGNY,2017,62150.48109360222
TUOLUMNE COUNTY PUB POWER AGNY,2018,65172.377449153166
TUOLUMNE COUNTY PUB POWER AGNY,2019,66143.00174657025
TUOLUMNE COUNTY PUB POWER AGNY,2020,68870.32028812161
TUOLUMNE COUNTY PUB POWER AGNY,2021,77849.35683705467
TUOLUMNE COUNTY PUB POWER AGNY,2022,78023.36585642403
TURLOCK IRRIGATION DISTRICT,2014,49298.8126047031
TURLOCK IRRIGATION DISTRICT,2015,51199.53478334531
TURLOCK IRRIGATION DISTRICT,2016,50870.9669171272
TURLOCK IRRIGATION DISTRICT,2017,52054.16575252779
TURLOCK IRRIGATION DISTRICT,2018,55630.94793921476
TURLOCK IRRIGATION DISTRICT,2019,56788.74632662464
TURLOCK IRRIGATION DISTRICT,2020,57318.32796899912
TURLOCK IRRIGATION DISTRICT,2021,64575.322800461705
TURLOCK IRRIGATION DISTRICT,2022,66382.52013310608
UMATILLA ELECTRIC COOP ASSN,2014,49489.378335026115
UMATILLA ELECTRIC COOP ASSN,2015,50047.22295218008
UMATILLA ELECTRIC COOP ASSN,2016,51733.41079065541
UMATILLA ELECTRIC COOP ASSN,2017,52524.55641064785
UMATILLA ELECTRIC COOP ASSN,2018,54892.04171854965
UMATILLA ELECTRIC COOP ASSN,2019,56153.07549581207
UMATILLA ELECTRIC COOP ASSN,2020,57082.203142831975
UMATILLA ELECTRIC COOP ASSN,2021,64610.28165816736
UMATILLA ELECTRIC COOP ASSN,2022,65301.395247189444
VERA IRRIGATION DISTRICT #15,2014,52813.56123741577
VERA IRRIGATION DISTRICT #15,2015,55149.73231395385
VERA IRRIGATION DISTRICT #15,2016,55753.673817427254
VERA IRRIGATION DISTRICT #15,2017,58608.834536879745
VERA IRRIGATION DISTRICT #15,2018,61903.696552303976
VERA IRRIGATION DISTRICT #15,2019,63130.67742010746
VERA IRRIGATION DISTRICT #15,2020,65011.78365938638
VERA IRRIGATION DISTRICT #15,2021,75248.85375019017
VERA IRRIGATION DISTRICT #15,2022,76134.58988958885
"WASCO ELECTRIC COOP, INC",2014,48033.53083353438
"WASCO ELECTRIC COOP, INC",2015,49843.80297898371
"WASCO ELECTRIC COOP, INC",2016,51166.29789381593
"WASCO ELECTRIC COOP, INC",2017,52297.15668347729
"WASCO ELECTRIC COOP, INC",2018,55713.19184711198
"WASCO ELECTRIC COOP, INC",2019,56195.01436341089
"WASCO ELECTRIC COOP, INC",2020,57882.114710881026
"WASCO ELECTRIC COOP, INC",2021,65927.6670858693
"WASCO ELECTRIC COOP, INC",2022,67221.31300234256
WEST OREGON ELECTRIC COOP INC,2014,57498.23728678625
WEST OREGON ELECTRIC COOP INC,2015,59171.39243657294
WEST OREGON ELECTRIC COOP INC,2016,61677.417198141455
WEST OREGON ELECTRIC COOP INC,2017,63651.55445976151
WEST OREGON ELECTRIC COOP INC,2018,66985.95447642425
WEST OREGON ELECTRIC COOP INC,2019,67696.14703826193
WEST OREGON ELECTRIC COOP INC,2020,71212.88604243276
WEST OREGON ELECTRIC COOP INC,2021,83636.60426921408
WEST OREGON ELECTRIC COOP INC,2022,84109.13613589204
